Var,OLS_Slope,OLS_P,OLS_AdjR2,RR_Slope,RR_P
MAT_1214,0.2286844354421123,0.3613736443996751,-0.006934893298180089,0.08211844131859791,0.5593759464414652
MAP_1214,0.29315786205966166,0.23774755344718712,0.0288128778428538,0.18554356680732767,0.13152264566279717
PAS_1214,-0.1798904097358704,0.47505504155080014,-0.028116905515376933,-0.0471403960874842,0.7428162210055278
CMD_1214,-0.4661633664901627,0.0511847188203278,0.16839005202353174,-0.2899797681203127,0.09740739448110011
Tave_wt_1214,0.013125981892891223,0.9587735607032228,-0.062316940386806685,-0.04067205590267818,0.7571607369599915
Tave_sm_1214,0.6094235710403378,0.007255389842248412,0.33210940699828007,0.35140135992547383,0.02732477268732895
PPT_wt_1214,0.5643459539098953,0.014696524539909567,0.27589175292537393,0.4252962912438693,0.0010528826191041909
PPT_sm_1214,-0.081200152450517,0.7487408411363933,-0.05549444369463874,-0.05978362126012987,0.6779145517161391
