Var,Slope,P,AdjR2
MAT_1214,0.08240466382046961,0.7688566034234251,-0.05036153899923401
MAP_1214,2.480445354510864,0.0464005498214592,0.158360960786181
PAS_1214,-0.002561695840686442,0.7110663124659915,-0.047315001714950844
CMD_1214,-0.0089083496356888,0.03588038015526064,0.17902930604771672
Tave_wt_1214,-0.10145180821842657,0.59338806922163,-0.038506851352964944
Tave_sm_1214,0.5927662173221672,0.06385162745527412,0.1323902078659468
PPT_wt_1214,2.43836162099106,0.00866638371522794,0.28761615065830415
PPT_sm_1214,-0.47758612443159887,0.5717216453245014,-0.036449137283764976
