Var,Slope,P,AdjR2
MAT_1214,0.10280483151144049,0.6847942516355386,-0.05127061453152337
MAP_1214,0.4014926206154081,0.09864799642200645,0.10877109468416735
PAS_1214,-0.1092658282721358,0.6660385042881036,-0.049814789945254345
CMD_1214,-0.5064199676688474,0.031986661597911956,0.20999000763207343
Tave_wt_1214,-0.11258415984654944,0.6564776224595025,-0.04903260738612447
Tave_sm_1214,0.5022919945909541,0.03364860708640226,0.20556582581954375
PPT_wt_1214,0.6822667750419268,0.0018123668124298475,0.4320809493464932
PPT_sm_1214,-0.1410790864304772,0.5765830476472302,-0.04135273458268829
