Var,Slope,P,AdjR2
MAT_1214,0.07537606549325578,0.795541029055406,-0.0545255707288117
MAP_1214,2.504540285533296,0.050570469888910105,0.1599248028108644
PAS_1214,-0.002384954051790424,0.7741552578934091,-0.053555518443041183
CMD_1214,-0.009105117453448861,0.03750232583418023,0.18520492645764364
Tave_wt_1214,-0.11143646934696431,0.5733199312324363,-0.038675539956666505
Tave_sm_1214,0.5924526221374113,0.07163597440895218,0.13005814948966
PPT_wt_1214,2.782854426915095,0.0047121151273489805,0.3469349068132078
PPT_sm_1214,-0.5883946097123135,0.5173207998583242,-0.03227356105181012
