Var,Slope,P,AdjR2
MAT_1214,0.2286844354421123,0.3613736443996751,-0.006934893298180089
MAP_1214,0.29315786205966166,0.23774755344718712,0.0288128778428538
PAS_1214,-0.1798904097358704,0.47505504155080014,-0.028116905515376933
CMD_1214,-0.4661633664901627,0.0511847188203278,0.16839005202353174
Tave_wt_1214,0.013125981892891223,0.9587735607032228,-0.062316940386806685
Tave_sm_1214,0.6094235710403378,0.007255389842248412,0.33210940699828007
PPT_wt_1214,0.5643459539098953,0.014696524539909567,0.27589175292537393
PPT_sm_1214,-0.081200152450517,0.7487408411363933,-0.05549444369463874
