Var,t,OLS_Slope,OLS_P,OLS_AdjR2,F,RR_Slope,RR_P
MAT_1214,1.151096069673548,0.26889908027283016,0.26562633846904704,0.017736522158137036,1.0515952174107295,0.11986502560294666,0.31951142311540254
MAP_1214,1.1441240803077726,0.26738717803088785,0.26842701807204433,0.01687801491504648,2.057722892242717,0.16713780428711855,0.1695767011723159
PAS_1214,-0.9272030762298704,-0.21940055238819825,0.36679875378229654,-0.00785536217715066,0.3177535648375578,-0.07431520382940789,0.5803214412868408
CMD_1214,-1.9779584366139955,-0.4325298233643055,0.06437541165936653,0.13926334504659033,2.8310095122106422,-0.20933911985052667,0.11073476408897787
Tave_wt_1214,0.2852725927281406,0.06902375253163226,0.778881743061422,-0.05377899932683161,3.310714514028643e-5,-7.294075480379995e-4,0.9954760752219418
Tave_sm_1214,3.2681904089442324,0.6211777992368497,0.004530637527625589,0.34973608522148447,7.339102044385644,0.3656733850962766,0.014890079422567657
PPT_wt_1214,2.4748770337292583,0.5146507398763301,0.024156863448790564,0.22162217135262208,9.523390905863858,0.3823763035683633,0.006702571332418378
PPT_sm_1214,-0.5359266422874287,-0.12889699749615313,0.598952012697968,-0.04123177368568132,0.441202836214642,-0.08651390434871614,0.5154514772638205
