"","lambda.mean.recovery","MAT_1619","MAP_1619","PAS_1619","CMD_1619","Tave_wt_1619","Tave_sm_1619","PPT_wt_1619","PPT_sm_1619"
"lambda.mean.recovery",1,0.0844665105096792,-0.351268060077322,-0.304986650635022,0.220443308808361,0.11893214773789,-0.301750581089754,-0.356369260525266,-0.17879937981573
"MAT_1619",0.0844665105096792,1,-0.156335091593009,-0.0313104051678225,-0.536514001680475,0.965082264656522,0.618289072363918,-0.487898520627197,-0.283354120899445
"MAP_1619",-0.351268060077322,-0.156335091593009,1,0.384313771681942,-0.323899456602976,-0.228199263087922,0.57488385761622,0.500155005895494,0.109598739414019
"PAS_1619",-0.304986650635022,-0.0313104051678225,0.384313771681942,1,0.159972509127032,0.0526869910937904,0.148485657875638,0.142773825593841,-0.431315480055236
"CMD_1619",0.220443308808361,-0.536514001680475,-0.323899456602976,0.159972509127032,1,-0.475561385497001,-0.546514614395754,-0.338125058971143,-0.217188816777361
"Tave_wt_1619",0.11893214773789,0.965082264656522,-0.228199263087922,0.0526869910937904,-0.475561385497001,1,0.461088190564602,-0.501206676885609,-0.444289190688769
"Tave_sm_1619",-0.301750581089754,0.618289072363918,0.57488385761622,0.148485657875638,-0.546514614395754,0.461088190564602,1,-0.0989003606183613,0.070456737803804
"PPT_wt_1619",-0.356369260525266,-0.487898520627197,0.500155005895494,0.142773825593841,-0.338125058971143,-0.501206676885609,-0.0989003606183613,1,0.257786407003504
"PPT_sm_1619",-0.17879937981573,-0.283354120899445,0.109598739414019,-0.431315480055236,-0.217188816777361,-0.444289190688769,0.070456737803804,0.257786407003504,1
