"","lambda.mean.recovery","MAT_1619","MAP_1619","PAS_1619","CMD_1619","Tave_wt_1619","Tave_sm_1619","PPT_wt_1619","PPT_sm_1619"
"lambda.mean.recovery",NA,0.81654213665082,0.319600214560049,0.39151196694385,0.540538500617377,0.743484783596938,0.39681074891089,0.312129471592095,0.62114225511358
"MAT_1619",0.81654213665082,NA,0.6662534219434,0.931575594278546,0.109853756401109,6.23515798148233e-06,0.0567327544509137,0.15255213162594,0.427577705362896
"MAP_1619",0.319600214560049,0.6662534219434,NA,0.272864035912249,0.361240338706676,0.526007025442505,0.0821250962854994,0.140970278162009,0.763111877671745
"PAS_1619",0.39151196694385,0.931575594278546,0.272864035912249,NA,0.658878849055974,0.885066606892081,0.68225484346331,0.693971168388857,0.213296032156372
"CMD_1619",0.540538500617377,0.109853756401109,0.361240338706676,0.658878849055974,NA,0.164774134618178,0.102130421870103,0.339271513002858,0.546683257870269
"Tave_wt_1619",0.743484783596938,6.23515798148233e-06,0.526007025442505,0.885066606892081,0.164774134618178,NA,0.179837489562941,0.140002384347279,0.198306924811851
"Tave_sm_1619",0.39681074891089,0.0567327544509137,0.0821250962854994,0.68225484346331,0.102130421870103,0.179837489562941,NA,0.785759197809682,0.846638705430794
"PPT_wt_1619",0.312129471592095,0.15255213162594,0.140970278162009,0.693971168388857,0.339271513002858,0.140002384347279,0.785759197809682,NA,0.472095539785796
"PPT_sm_1619",0.62114225511358,0.427577705362896,0.763111877671745,0.213296032156372,0.546683257870269,0.198306924811851,0.846638705430794,0.472095539785796,NA
