Var,OLS_Slope,OLS_P,OLS_AdjR2,RR_Slope,RR_P
MAT_1517,0.08948495633219787,0.7156283452967664,-0.050344939213179174,0.09104550493876695,0.4503790237513786
MAP_1517,0.4559286204116579,0.049774832529408355,0.16127507790521134,0.099596561288543,0.5610374936357108
PAS_1517,0.10918716531477943,0.6563490307757915,-0.04620040780878898,-0.07972485329705577,0.43639872783153066
CMD_1517,-0.1871858559712051,0.4428718825622061,-0.021723893872817257,-0.0563277661638767,0.6489713620737072
Tave_wt_1517,-0.0021570603113549723,0.9930073990798438,-0.058818602802037434,0.07154609488643977,0.5599543985589883
Tave_sm_1517,0.44497983057269214,0.056254476314509194,0.15083099371159003,0.2447584005516525,0.2054678895875648
PPT_wt_1517,0.4360172517551374,0.062017195415944394,0.14247051699446145,0.08176789929186078,0.6408447808881774
PPT_sm_1517,-0.2322230955861707,0.33872703199955667,-0.0017237535161631623,-0.07722151267618267,0.5250200943512509
