Var,Slope,P,AdjR2
MAT_1517,4.564327361989509,0.20280265874177913,0.03783051367902113
MAP_1517,1.4290131575851424,0.8700734987421481,-0.053943744198821975
PAS_1517,-0.10032248086907752,0.13800302607232068,0.06906265010581869
CMD_1517,-0.030541747395201754,0.05473599608361772,0.14495825098817638
Tave_wt_1517,2.407807576086793,0.25923520888625945,0.01845176613659616
Tave_sm_1517,0.7756752798186527,0.7709383091862598,-0.050457117914298966
PPT_wt_1517,4.551952804922807,0.67892821998797,-0.04527590513015478
PPT_sm_1517,2.354930070823839,0.7334964320578203,-0.04858927600487739
