Var,OLS_Slope,OLS_P,OLS_AdjR2,RR_Slope,RR_P
MAT_1517,0.017719724607138804,0.9443638014139633,-0.06216638706983768,0.008345282225627623,0.9438419826408139
MAP_1517,0.49531284346750515,0.03660896022061169,0.1981682387103566,0.384564805414711,0.13667334671846837
PAS_1517,0.17411397250827626,0.48957966792530805,-0.030289594863474045,-0.036054952845693766,0.7040674977312338
CMD_1517,-0.17692982002919241,0.48247251932235324,-0.029239328708464907,-0.028689342875413613,0.7801964688494774
Tave_wt_1517,-0.08325407081475321,0.7425865756804337,-0.055135557173570326,-0.0024394171316480967,0.982744551310673
Tave_sm_1517,0.42712427738743136,0.07708121147671065,0.13133734510459383,0.1474475599787506,0.4048701148157935
PPT_wt_1517,0.44862538259996393,0.0618468034243668,0.15134377978252422,0.12812557061420835,0.43056723310923306
PPT_sm_1517,-0.22056048905074804,0.3791395489232978,-0.01081263758655071,-0.06992035088609357,0.48870140906304027
