Var,Slope,P,AdjR2
MAT_1517,0.07990156522363316,0.7526393614340658,-0.055716723616989317
MAP_1517,0.2957639093454306,0.23340773715363541,0.030443558200747844
PAS_1517,-0.01141296303212688,0.9641503413141121,-0.06236160329200402
CMD_1517,-0.1936519649791015,0.441332816271104,-0.022655098738466162
Tave_wt_1517,0.0265729575390755,0.916642772547199,-0.061749745298103065
Tave_sm_1517,0.2316627267469898,0.35498072185793417,-0.005478154850908856
PPT_wt_1517,0.2333849745816054,0.3513135139136869,-0.004627169492015026
PPT_sm_1517,-0.17317492976933052,0.4919610456984074,-0.03063609643059917
