Var,Slope,P,AdjR2
MAT_1517,2.7721920271114393,0.3736590925785074,-0.00926153994508816
MAP_1517,2.73901857812347,0.7088769088946232,-0.04991992364791975
PAS_1517,-0.04739513756944789,0.44392019557065243,-0.02189110090054691
CMD_1517,-0.015255871254434766,0.32669107700699107,0.0011069208006827536
Tave_wt_1517,1.56735795160255,0.3918472435798178,-0.012828839171447948
Tave_sm_1517,0.6985154831699819,0.7547730052732662,-0.052584168082784766
PPT_wt_1517,2.1852004144509625,0.813931204532057,-0.05527649860600503
PPT_sm_1517,-1.4141831661106,0.8123802336746424,-0.05521609587434795
