Var,Slope,P,AdjR2
MAT_1517,-0.733031572846273,0.39017888535183565,-0.017876485273074616
MAP_1517,-2.0249601681328007,0.4801473442879226,-0.043851861571126305
PAS_1517,-0.012363642831792478,0.4088751208974156,-0.02391601746981209
CMD_1517,0.003331219459014583,0.3289421345000847,0.004818467882546029
Tave_wt_1517,-0.2739661509070222,0.5632849561869795,-0.06204990112705433
Tave_sm_1517,-0.7731152748658198,0.3732777845130394,-0.012082931272661135
PPT_wt_1517,-4.595540074017403,0.20784345736074247,0.06884282951114262
PPT_sm_1517,-1.310161545137463,0.29148118731448075,0.021370993764587842
