chr_snp,Env,BF
CE10_chr1_1564894,5,30.98117799
CE10_chr1_1722642,5,39.59047818
CE10_chr1_37223448,5,31.92751379
CE10_chr1_38632773,5,30.31231106
CE10_chr1_41665433,5,34.12365498
CE10_chr1_42286199,5,32.24021852
CE10_chr2_39434144,5,38.73584255
CE10_chr2_41926519,5,31.69217567
CE10_chr2_52168171,5,34.51015539
CE10_chr3_21997815,5,41.04987262
CE10_chr3_36301179,5,32.01216633
CE10_chr3_45243530,5,35.40786442
CE10_chr3_45575389,5,40.50015161
CE10_chr3_47038734,5,37.90653601
CE10_chr4_748746,5,31.48741194
CE10_chr4_2075532,5,30.9488698
CE10_chr4_6796591,5,31.51333334
CE10_chr5_2834779,5,31.6354858
CE10_chr5_41092420,5,33.78183619
CE10_chr6_2739946,5,33.42021678
CE10_chr6_3508334,5,30.71967311
CE10_chr6_34482083,5,32.96581408
CE10_chr6_42369261,5,67.32912155
CE10_chr6_47952398,5,35.72162567
CE10_chr6_52344183,5,33.46985849
CE10_chr6_53299313,5,31.16381113
CE10_chr6_56505767,5,37.28989029
CE10_chr6_56507576,5,37.02886861
CE10_chr6_60327225,5,39.31628388
CE10_chr7_707471,5,30.65918797
CE10_chr7_5148538,5,33.80979332
CE10_chr7_9292105,5,42.04232554
CE10_chr8_1673498,5,33.1758671
CE10_chr8_46713230,5,37.43223232
