Site,median
1,-0.04069934562956658
2,0.0287206680009465
3,0.06475058338338317
4,0.1824282401364041
5,-3.719269422058626e-14
6,-0.01167727855191825
7,-0.07782983042770178
8,-0.08737824335874787
9,0.020001169425496047
10,-0.05830936124361621
11,0.08419285303660957
12,-0.12958017659769885
